Name,City,State,Website
Rajiv Gandhi University,Itanagar,Arunachal Pradesh,http://www.rgu.ac.in
Assam University,Silchar,Assam,http://www.assamuniversity.nic.in
Tezpur University,Tezpur,Assam,http://www.tezu.ernet.in
University of Hyderabad,Hyderabad,Telangana,http://www.uohyd.ac.in
Maulana Azad National Urdu University,Hyderabad,Telangana,http://www.manuu.ac.in
English & Foreign Languages University,Hyderabad,Telangana,http://www.efluniversity.ac.in
Jamia Millia Islamia,Delhi,Delhi,http://www.jmi.nic.in
University of Delhi,Delhi,Delhi,http://www.du.ac.in
Jawaharlal Nehru University,Delhi,Delhi,http://www.jnu.ac.in
Indira Gandhi National Open University,Delhi,Delhi,http://www.ignou.ac.in
Mahatma Gandhi Antarrashtriya Hindi Vishwavidyalaya,Mumbai,Maharashtra,
North Eastern Hill University,Shillong ,Meghalaya,http://www.nehu.ac.in
Manipur University,Imphal,Manipur,http://www.manipuruniv.ac.in
Central Agricultural University,Imphal,Manipur,http://www.cau.org.in
Pondicherry University,Puducherry,Puducherry,http://www.pondiuni.edu.in
Sikkim University,Gangtok,Sikkim,http://www.sikkimuniversity.in
Tripura University,Agartala,Tripura,http://www.tripurauniv.in
Aligarh Muslim University,Aligarh,Uttar Pradesh,http://www.amu.ac.in
Babasaheb Bhimrao Ambedkar University,Lucknow,Uttar Pradesh,http://www.bbau.ac.in
Banaras Hindu University,Varanasi,Uttar Pradesh,http://www.bhu.ac.in
University of Allahabad,Allahabad,Uttar Pradesh,http://www.allduniv.ac.in/
Hemwati Nandan Bahuguna Garhwal University,Srinagar,Jammu and Kashmir,http://www.hnbgu.ac.in
Indian Maritime University,Chennai,Tamil Nadu ,http://www.imu.tn.nic.in
Central University of Rajasthan ,Ajmer,Rajasthan,http://www.curaj.ac.in
Central University of Karnataka,Gulbarga,Karnataka,http://www.cuk.ac.in
Central University of Jharkhand,Ranchi,Jharkhand,http://www.cuj.ac.in
Central University of Kashmir,Jammu,Jammu and Kashmir,http://www.cukashmir.ac.in
Central University of Jammu,Jammu,Jammu and Kashmir,http://www.cujammu.ac.in
Central University of Haryana,Pali,Rajasthan,http://www.cuh.ac.in
Guru Ghasidas Vishwavidyalaya,Bilaspur,Chhattisgarh,http://www.ggu.ac.in
Central University of South Bihar,Patna,Bihar,http://www.cub.ac.in
International  Institute of Information Technology,Hyderabad,Telangana,http://www.iiit.ac.in
Koneru Lakshmaiah Education Foundation ,Guntur,Andhra Pradesh,http://www.kluniversity.in
Rashtriya Sanskrit Vidyapeeth,Tirupati,Andhra Pradesh,http://rsvidyapeetha.ac.in
ICFAI Foundation for Higher Education ,Hyderabad,Telangana,http://www.ifheindia.org
Vignan's Foundation for Science   Technology and Research,Guntur,Andhra Pradesh,https://vignan.ac.in/
North Eastern Regional Institute of Science & Technology,Itanagar,Arunachal Pradesh,http://www.nerist.ac.in
Punjab Engineering College,Chandigarh ,Chandigarh,http://www.pec.ac.in
Indian Agricultural Research Institute,Delhi,Delhi,http://www.iari.res.in
Indain Institute of Foreigen Trade,Delhi,Delhi,http://www.iift.edu
Indian Law Institute ,Delhi,Delhi,http://www.admissionnews.com
Institute of liver and Biliary Sciences,Delhi,Delhi,http://www.ilbs.in/
Jamia Hamdard,Delhi,Delhi,http://www.jamiahamdard.edu
National Museum Institute of History of Arts  Conservation and Musicology,Delhi,Delhi,http://nmi.gov.in
National University of Educational Planning & Administration,Delhi,Delhi,http://www.nuepa.org
Rashtriya Sanskrit Sansthana ,Delhi,Delhi,http://www.sanskrit.nic.in
Shri Lal Bahadur Shastri Rashtriya Sanskrit Vidyapith,Delhi,Delhi,http://www.slbsrsv.ac.in
TERI School of Advanced studies,Delhi,Delhi,http://www.teriuniversity.ac.in
Gujarat Vidyapith ,Ahmedabad,Gujarat,http://www.gujaratvidyapith.org
Sumandeep Vidyapeeth ,Vadodara,Gujarat,http://www.sumandeepvidyapeethdu.edu.in
Maharishi Markandeshwar (Deemed to be University),Ambala,Haryana,http://www.mmumullana.org
Lingaya's Vidyapeeth,Faridabad,Haryana,http://www.limat.org
National Dairy Research Institute,Karnal,Haryana,http://www.ndri.res.in
Manav Rachna International Institute of Research and Studies,Faridabad,Haryana,http://manavrachna.edu.in/
Birla Institute of Technology,Ranchi,Jharkhand,http://www.bitmesra.ac.in
B.L.D.E. ,Bijapur,Karnataka,http://bldedu.ac.in/
JSS Academy of Higher Education & Research,Mysore,Karnataka,www.jssuni.edu.in
K.L.E. Academy of Higher Education and Research,Belgaum,Karnataka,http://www.kleuniversity.edu.in
NITTE ,Mangalore,Karnataka,http://www.nitte.edu.in
Sri Devraj Urs Academy of Higher Education and Research ,Kolar,Karnataka,http://www.sduu.ac.in
Swami Vivekananda Yoga Anusandhana Samsthana,Agra,Uttar Pradesh,http://www.vyasa.org
Yenepoya ,Mangalore,Karnataka,http://yenepoya.edu.in
Indian Institute of Space Science and Technology,Hapur,Uttar Pradesh,http://www.iist.ac.in
Indian Institute of Information Technology and Management,Gwalior,Madhya Pradesh,http://www.iiitm.ac.in
Pandit Dwarka Prasad Mishra Indian Institute of Information Technology,Jabalpur,Madhya Pradesh,http://www.iitk.ac.in
Lakshmibai National Institute of Physical Education ,Gwalior,Madhya Pradesh,http://www.lnipe.nic.in
Bharati Vidyapeeth,Pune,Maharashtra,http://bvuniversity.edu.in/
Central Institute of Fisheries Education ,Mumbai,Maharashtra,http://www.cife.edu.in
D.Y Patil Educational Society,Hapur,Uttar Pradesh,http://www.dypatilunikop.org
Deccan College Postgraduate & Research Institute,Pune,Maharashtra,http://www.deccancollegepune.ac.in
Dr. D.Y. Patil Vidyapeeth ,Pune,Maharashtra,http://www.dpu.edu.in
Gokhale Institute of Politics & Economics ,Pune,Maharashtra,http://www.gipe.ac.in
Homi Bhabha National Institute  Regd. Office,Mumbai,Maharashtra,http://www.hbni.ac.in
Indira Gandhi Institute of Development Research ,Mumbai,Maharashtra,http://www.igidr.ac.in
Defence Institute of Advanced Technology,Pune,Maharashtra,https://www.diat.ac.in
International Institute for Population Sciences ,Mumbai,Maharashtra,http://www.iipsindia.org
Institute of Chemical Technology,Mumbai,Maharashtra,http://www.ictmumbai.edu.in
Narsee Monjee Institute of Management Studies ,Mumbai,Maharashtra,http://www.nmims.edu
Padmashree Dr.D.Y. Patil Vidyapeeeth,Mumbai,Maharashtra,http://www.dypatil.ac.in
Pravara Institute of Medical Sciences,Hata,Uttar Pradesh,http://www.pravara.com/
Symbiosis International University,Pune,Maharashtra,http://www.siu.edu.in
Tata Institute of Fundamental Research,Mumbai,Maharashtra,http://www.tifr.ac.in
Tata Institute of Social Sciences ,Mumbai,Maharashtra,http://www.tiss.edu
Tilak Maharashtra Vidyapeeth,Pune,Maharashtra,http://www.tmv.edu.in
Thapar Institute of Engineering & Technology ,Patiala,Punjab,http://www.thapar.edu.in
Sri Balaji Vidyapeeth (Deemed to be University),Cuddalore,Tamil Nadu ,http://www.sbvu.ac.in
IIS ,Jaipur,Rajasthan,http://www.iisuniv.ac.in
Janardan Rai Nagar Rajasthan Vidyapeeth,Udaipur,Rajasthan,http://www.jrnrvu.org
The LNM Institute of Information Technology  jaipur,Jaipur,Rajasthan,http://www.lnmiit.ac.in
Mody Institute of Education and Research ,Sikar,Rajasthan,http://www.mitsuniversity.ac.in
Academy of Maritime Education and Training ,Chennai,Tamil Nadu ,http://www.ametuniv.ac.in
Amrita Vishwa Vidyapeetham,Coimbatore,Tamil Nadu ,http://www.amrita.edu
Avinashilingam Institute for Home Science & Higher Education for Women,Coimbatore,Tamil Nadu ,http://www.avinashilingam.edu
B.S. Abdur Rahman Institute of Science and Technology ,Chennai,Tamil Nadu ,http://www.bsauniv.ac.in
Bharath Institute of Higher Education & Research,Chennai,Tamil Nadu ,http://www.bharathuniv.com
Chettinad Academy of Research and Education  (CARE),Chennai,Tamil Nadu ,http://www.chettinadhealthcity.com
Hindustan Institute of Technology  and Science (HITS),Chennai,Tamil Nadu ,http://www.hindustanuniv.ac.in
Karunya Institute of Technology and Sciences,Coimbatore,Tamil Nadu ,http://www.karunya.edu
Karpagam Academy of Higher Education ,Coimbatore,Tamil Nadu ,http://www.kahedu.edu.in
Dr. M.G.R. Educational and Research Institute ,Chennai,Tamil Nadu ,http://www.drmgrdu.ac.in
Meenakshi Academy of Higher Education and Research  ,Chennai,Tamil Nadu ,http://www.maher.ac.in
Periyar Manaimmai Institute of Science & Technology (PMIST),Thanjavur,Tamil Nadu ,http://www.pmu.edu
Ponnaiyan Ramajayam Institute of Science & technology (PMIST),Thanjavur,Tamil Nadu ,http://www.prist.ac.in
S.R.M Institute of Science and Technology,Ambala,Haryana,http://www.srmuniv.ac.in
Sathyabama Institute of Science and Technology,Chennai,Tamil Nadu ,http://www.sathyabamauniversity.ac.in
Saveetha Institute of Medical and Technical Sciences                ,Chennai,Tamil Nadu ,http://www.saveetha.com
Shanmugha Arts Science Technology & Research Academy (SASTRA) ,Thanjavur,Tamil Nadu ,http://www.sastra.edu
Sri Ramachandra Medical College and Research Institute ,Chennai,Tamil Nadu ,http://http://www.sriramachandra.edu.in
St. Peter’s Institute of Higher Education and Research,Chennai,Tamil Nadu ,http://www.spiher.ac.in
VELS Institute of Science Technology & Advanced Studies (VISTAS) ,Chennai,Tamil Nadu ,http://www.velsuniv.ac.in
Vellore Institute of Technology ,Vellore,Tamil Nadu ,http://www.vit.ac.in
Vel Tech Rangarajan Dr. Sagunthala R & D Institute of Science and Technology ,Chennai,Tamil Nadu ,http://www.veltechuniv.edu.in   www.vel-tech.org
Vinayaka Mission’s Research Foundation ,Salem,Tamil Nadu ,http://www.vinayakamission.com
Sam Higginbottom Institute of Agriculture  Technology & Sciences,Allahabad,Uttar Pradesh,http://www.shiats.edu.in
Bhatkhande Music Institute ,Lucknow,Uttar Pradesh,http://www.bhatkhandemusic.edu.in
Central Institute of Higher Tibetan Studies ,Varanasi,Uttar Pradesh,http://www.cihts.ac.in
Dayalbagh Educational Institute  ,Agra,Uttar Pradesh,http://www.dei.ac.in
Nehru Gram Bharati ,Agra,Uttar Pradesh,http://www.ngbu.edu.in
Shobhit Institute of Engineering & Technology ,Meerut,Uttar Pradesh,http://www.shobhituniversity.ac.in
Santosh ,Ghaziabad,Uttar Pradesh,https://santosh.ac.in/
Forest Research Institute ,Dehradun,Uttarakhand,http://www.icfre.org
Graphic Era   ,Dehradun,Uttarakhand,http://www.ugc.ac.in
Assam Don Bosco University,Guwahati,Assam,http://www.dbuniversity.ac.in
Dr. C.V. Raman University,Bilaspur,Chhattisgarh,http://www.cvru.ac.in
MATS University ,Raipur,Chhattisgarh,http://www.matsuniversity.ac.in
Calorx Teacher's University ,Ahmedabad,Gujarat,http://www.ctu.org.in
Nirma University,Ahmedabad,Gujarat,http://www.nirmauni.ac.in
O.P. Jindal Global University,Sonipat,Haryana,http://www.jgls.org
Acharaya Nagarjuna University,Guntur,Andhra Pradesh,http://www.anu.ac.in
Adikavi Nannaya University,Krishnapuram,Tamil Nadu ,http://www.nannayauniversity.info/
Aliah University,Kolkata ,West Bengal,http://www.aliah.ac.in
Andhra University,Patna,Bihar,http://www.andhrauniversity.info/
Anna University,Chennai,Tamil Nadu ,http://www.annauniv.edu
Assam Agricultural University,Jorhat,Assam,http://www.aau.ac.in
Baba Ghulam Shah Badshah University,Jammu,Jammu and Kashmir,http://www.bgsbuniversity.org
Barkatullaah University,Bhopal ,Madhya Pradesh,http://www.bubhopal.nic.in
Bhagat Phool Singh Mahila Vishwavidyalaya,Sonipat,Haryana,http://www.bpswomenuniversity.ac.in
Bharathiar University,Coimbatore,Tamil Nadu ,http://www.bdu.ac.in
Krishnakumarsinhji Bhavnagar University,Bhavnagar,Gujarat,http://www.bhavuni.edu
Birsa Agricultural University,Ranchi,Jharkhand,http://www.baujharkhand.org
Bundelkhand University,Jhansi,Uttar Pradesh,http://www.bujhansi.org
Calcutta University,Kolkata ,West Bengal,http://www.caluniv.ac.in
Calicut University ,Calicut,Kerala,http://www.universityofcalicut.info
CEPT University ,Ahmedabad,Gujarat,http://www.cept.ac.in
Chanakya National Law University,Hapur,Uttar Pradesh,http://www.cnlu.ac.in
Chatrapati Sahuji Maharaj Kanpur University,Kalyan,Maharashtra,http://www.kanpuruniversity.org
Chaudhary Devi Lal University,Sirsa,Haryana,http://www.cdlu.in
Chhattisgarh Swami Vivekanad Technical Universty,Bhilai,Chhattisgarh,http://www.csvtu.ac.in
Choudary Charan Singh University,Meerut,Uttar Pradesh,http://www.ccsuniversity.ac.in
Cochin Unviersity of Science & Technology,Kochi,Kerala,http://www.cusat.edu
Davangere University,Davangere,Karnataka,http://www.davangereuniversity.ac.in
Devi Ahilya Vishwavidyalaya,Indore,Madhya Pradesh,http://www.dauniv.ac.in
Dibrugarh University,Dibrugarh,Assam,http://www.dibru.ac.in
Doon University,Dehradun,Uttarakhand,http://www.gov.ua.nic.in/doonuniversity
Dr. B.R.Ambedkar Open University,Hyderabad,Telangana,http://www.braou.ac.in
Dr. B.R. Ambedkar University,Agra,Uttar Pradesh,http://www.brauagra.ac.in
Dr. Babasaheb Ambedkar Marathwada University,Aurangabad,Maharashtra,http://www.bamu.net
Dr. Babasaheb Ambedkar Open University,Ahmedabad,Gujarat,http://www.baou.edu.in/
Dr. Punjabrao Deshmukh Krishi Vidyapeeth,Akola,Maharashtra,http://www.pdkv.mah.nic.in
Dr. Ram Manohar Lohiya National Law University,Lucknow,Uttar Pradesh,http://www.rmlau.ac.in
Dr. Shakuntala Misra National Rehabilitation University,Lucknow,Uttar Pradesh,http://www.dsmru.up.nic.in
Gauhati University,Guwahati,Assam,http://www.gauhati.ac.in
Gujarat Technological University,Ahmedabad,Gujarat,http://www.gtu.ac.in
Gujarat University,Ahmedabad,Gujarat,http://www.gujaratuniversity.org.i
Gulbarga University,Gulbarga,Karnataka,http://www.gulbargauniversity.kar.nic.ini
Guru Angad Dev Veterinary & Animal Sciences University,Ludhiana,Punjab,http://www.gadvasu.in
Guru Jambeshwar University of Science and Technology,Hisar,Haryana,http://www.gju.ernet.in
Guru Nanak Dev University,Amritsar,Punjab,http://www.gndu.ac.in
Hidayatullah National Law University,Raipur,Chhattisgarh,http://www.hnlu.ac.in
Himachal Pradesh University,Shimla,Himachal Pradesh,http://www.hpuniv.nic.in
Indira Gandhi Krishi Vishwavidyalaya,Raipur,Chhattisgarh,http://www.igau.edu.in
Islamic University of Sciences & Technology University,Jammu,Jammu and Kashmir,http://www.islamicuniversity.edu.in
Jagadguru Ramanandacharya Sanskrit University,Jaipur,Rajasthan,http://www.jrrsanskrituniversity.ac.in
Jai Naraim Vyas University,Jodhpur,Rajasthan,http://www.jnvu.org
Jammu University ,Jammu,Jammu and Kashmir,http://www.jammuuniversity.in
Jawaharlal Nehru Krishi Vishwavidyalaya,Jabalpur,Madhya Pradesh,http://www.jnkvv.nic.in
Jawaharlal Nehru Technological University,Hyderabad,Telangana,http://www.jntuh.ac.in
Jawaharlal Nehru Technological University,Hapur,Uttar Pradesh,http://www.jntuk.edu.in
Jiwaji University,Gwalior,Madhya Pradesh,http://www.jiwaji.edu
Kakatiya University,Puri,Odisha,http://www.kakatiya.ac.in
Kalyani University,Kalyan,Maharashtra,http://www.klyuniv.ac.in
Karanataka  State Law University,Hubli,Karnataka,http://www.kslu.ac.in
Karanataka  State Open University,Mysore,Karnataka,http://karnatakastateopenuniversity.in
Kannada University,Bellary,Karnataka,http://www.kannadauniversity.org
Karanataka Veterinary  Animal & Fisheries Science University ,Bidar,Karnataka,www.kvafsu.kar.nic.in; www.kvafsu.edu.in  
Kashmir University,Jammu,Jammu and Kashmir,http://www.kashmiruniversity.net
Kerala University,Hapur,Uttar Pradesh,http://www.keralauniversity.edu
King Georges Medical University,Lucknow,Uttar Pradesh,http://www.kgmcindia.edu
Krantiguru Shyamji Krishna Verma Kachchh University,Bhuj,Gujarat,http://kskvku.digitaluniversity.ac
Krishna Kanta Handique State Open University,Dispur,Assam,http://www.kkhsou.in
Kushabhau Thakre Patrakarita Avam Jansanchar Vishwavidyalaya,Raipur,Chhattisgarh,http://www.ktujm.ac.in
Kuvempu University,Shimoga,Karnataka,http://www.kuvempu.ac.in
Lucknow University,Lucknow,Uttar Pradesh,http://www.lkouniv.ac.in
M.J.P. Rohilkhand University,Bareilly,Uttar Pradesh,http://www.mjpru.ac.in 
M.P.Bhoj (open) University,Bhopal ,Madhya Pradesh,http://www.bhojvirtualuniversity.com
Madaras University,Chennai,Tamil Nadu ,http://www.unom.ac.in 
Madurai Kamraj University,Madurai,Tamil Nadu ,http://www.mkuniversity.org
Magadh University,Gaya,Bihar,http://www.magadhuniversity.ac.in/
Maharshi Panini Sanskrit Evam Vedic Vishwavidyalaya,Ujjain,Madhya Pradesh,http://http://mpsvvujjain.org
Maharaja Sayajirao University of Baroda ,Vadodara,Gujarat,www .msubaroda.ac.in
Maharana Pratap University of Agriculture & Technology,Udaipur,Rajasthan,http://www.mpuat.ac.in
Maharishi Dayanand Saraswati University,Ajmer,Rajasthan,http://mdsuajmer.ac.in/
Maharishi Dayanand University,Rohtak,Haryana,http://www.mdurohtak.ac.in
Mahatam Gandhi Kashi Vidyapeeth,Varanasi,Uttar Pradesh,http://www.mgkvp.ac.in
Mahatma Gandhi University ,Nalgonda,Telangana,http://www.mguniversity.ac.in
Makhanlal Chaturvedi National University of Journalism & Communication,Bhopal ,Madhya Pradesh,http://www.mcu.ac.in/
Mangalore University,Mangalore,Karnataka,http://www.mangaloreuniversity.ac.in
Marathwada Agricultural University,Parbhani,Maharashtra,http://www.mkv2.mah.nic.in
Maulana Mazharul Haque Arabic & Persian University,Patna,Bihar,http://mmhapu.bih.nic.in
Mohan Lal Shukhadia University,Udaipur,Rajasthan,http://www.mlsu.ac.in
Mumbai University,Mumbai,Maharashtra,http://www.mu.ac.in
Mysore University,Mysore,Karnataka,http://www.uni-mysore.ac.in
Nalanda Open University,Patna,Bihar,http://www.nalandaopenuniversity.com   www.nou.ac.in  
National Academy of Legal Studies & Research University,Hyderabad,Telangana,http://nalsar.ac.in
National Law Institute University,Bhopal ,Madhya Pradesh,http://www.nliu.ac.in
National Law Universituy,Jodhpur,Rajasthan,http://www.nlujodhpur.ac.in
National University of Advanced Legal Studies (NUALS),Kochi,Kerala,http://www.nuals.ac.in
Orissa University Of Agriculture & Technology,Bhubaneshwar,Odisha,http://www.ouat.ac.in
Osmania University,Hyderabad,Telangana,http://www.osmania.ac.in
Palamuru University ,Mahabubnagar,Telangana,http://www.palamuruuniversity.ac.in
Periyar University,Salem,Tamil Nadu ,http://periyaruniversity.ac.in
Potti Sreeramulu Teugu Universtity,Hyderabad,Telangana,http://teluguuniversity.ac.in/
Pt. Bhagwat Dayal Sharma University of Health Sciences,Rohtak,Haryana,'http://www.uhsr.ac.in
Pt. Sundarlal Sharma (Open) University,Bilaspur,Chhattisgarh,http://www.pssou.ac.in
Pt.Ravishankar Shukla University,Raipur,Chhattisgarh,http://www.prsu.ac.in
Savitribai Phule Pune University,Pune,Maharashtra,http://www.unipune.ac.in
Punjab Agriculture University,Ludhiana,Punjab,http://www.pau.edu
Punjabi University,Patiala,Punjab,http://www.punjabiuniversity.ac.in
Rabindra Bharati University,Kolkata ,West Bengal,http://www.rbu.ac.in
Swami Keshwanand Rajasthan Agriculture University,Bikaner,Rajasthan,http://www.raubikaner.org
Rajasthan Ayurveda University,Jodhpur,Rajasthan,
Rajasthan Technical University,Hata,Uttar Pradesh,http://www.rtu.ac.in
Rajasthan University,Jaipur,Rajasthan,http://www.uniraj.ernet.in
Rajasthan University of Health Sciences,Jaipur,Rajasthan,http://www.ruhsraj.org
Rajiv Gandhi Prodoyogiki Vishwavidyalaya,Bhopal ,Madhya Pradesh,http://www.rgtu.net
Ranchi University,Ranchi,Jharkhand,http://www.ranchiuniversity.ac.in
Rani Durgavati Vishwavidyalaya,Jabalpur,Madhya Pradesh,http://www.rdunijbpin.org
Ravenshaw University,Cuttack,Odisha,http://ravenshawuniversity.ac.in
Rayalaseema University,Kurnool,Andhra Pradesh,http://www.rayalaseemauniversity.ac.in
Sampurnanand Sanskrit Vishwavidyalaya,Varanasi,Uttar Pradesh,http://www.ssvv.up.nic.in
Sardar Vallabh Bhai Patel University of Agriculture & Technology,Meerut,Uttar Pradesh,http://www.svbpmeerut.ac.in
Satavahana University,Karimnagar,Telangana,http://www.satavahana.ac.in
Saurashtra University,Rajkot,Gujarat,http://www.saurashtrauniversity.edu
Sher-e-Kashmir University of Agricultural Science & Technology,Jammu,Jammu and Kashmir,http://www.skuastkashmir.ac.in
Shivaji University,Hapur,Uttar Pradesh,http://www.unishivaji.ac.in
Shri Jagannath Sanskrit Vishwavidyalaya,Puri,Odisha,http://www.sjsv.nic.in
Shri Mata Vaishno Devi University,Jammu,Jammu and Kashmir,http://www.smvdu.net.in
Smt. Nathibai Damodar Thackersey Women's University,Mumbai,Maharashtra,http://www.sndt.ac.in
Solapur University ,Pune,Maharashtra,http://su.digitaluniversity.ac/
Veer Narmad South Gujarat University,Surat,Gujarat,http://www.vnsgu.ac.in
Sri Padmavati Mahila Vishwavidyalayam,Tirupati,Andhra Pradesh,http://www.spmvv.ac.in
Sri Venkateswara University,Tirupati,Andhra Pradesh,http://www.svuniversity.ac.in
Sri Venkateswara Vedic University,Tirupati,Andhra Pradesh,http://www.svvedicuniversity.org
Sri Venkateswara Veterinary University,Tirupati,Andhra Pradesh,http://www.svvu.edu.in
Swami Ramanand Teerth Marathwada University,Nanded,Maharashtra,http://www.srtmun.org
T.M. Bhagalpur University,Bhagalpur,Bihar,http://www.tmbu.org
Tamil Nadu Open University,Chennai,Tamil Nadu ,http://www.tnou.ac.in
Tamil Nadu Teacher Education University,Chennai,Tamil Nadu ,http://www.tnteu.in/
Tamil University,Thanjavur,Tamil Nadu ,http://www.tamiluniversity.ac.in
Tamilnadu Agricultural University,Coimbatore,Tamil Nadu ,http://www.tnau.ac.in
Tamilnadu Dr. Ambedkar Law University,Chennai,Tamil Nadu ,http://www.tndalu.org
Tamilnadu Dr. M.G.R.Medical University,Chennai,Tamil Nadu ,http://www.tnmmu.ac.in
Tamilnadu Physical Educaton and Sports University,Chennai,Tamil Nadu ,http://www.tnpesu.org
Tamilnadu Veterinary & Animal Sciences University,Chennai,Tamil Nadu ,http://www.tanuvas.ac.in
Telangana University,Nizamabad,Telangana,http://www.telanganauniversity.ac.in
The Rajiv Gandhi National University of Law,Patiala,Punjab,http://www.rgnul.ac.in
Thiruvalluvar University,Vellore,Tamil Nadu ,http://www.thiruvalluvaruniversity.ac.in
U.P.King George's University of Dental Sciences,Lucknow,Uttar Pradesh,http://www.kgmcindia.edu/
U.P. Rajarshi Tandon Open University,Allahabad,Uttar Pradesh,http://www.uprtou.ac.in
University of Kota,Kota,Rajasthan,http://www.uok.ac.in/
Utkal University,Bhubaneshwar,Odisha,http://www.utkaluniversity.ac.in
Dr. A.P.J. Abdul Kalam Technical University,Lucknow,Uttar Pradesh,http://www.uptu.ac.in
Uttarakhand Sanskrit University,Delhi,Delhi,http://www.usvv.ac.in
Vardhman Mahaveer Open University,Hata,Uttar Pradesh,http://www.vmou.ac.in
Vesveswaraiah Technological University,Belgaum,Karnataka,http://www.vtu.ac.in
Vikrama Simhapuri University,Nellore,Andhra Pradesh,http://www.simhapuriuniv.ac.in
Vikram University,Ujjain,Madhya Pradesh,http://www.vikramuniv.ac.in
Yashwant Rao Chavan Maharashtra Open University,Nasik,Maharashtra,http://www.ycmou.com
Maharishi University of Management and Technology,Bilaspur,Chhattisgarh,http://www.mumt.com
Ahmedabad University ,Ahmedabad,Gujarat,http://www.ahduni.edu.in
Arni University,Indore,Madhya Pradesh,http://www.arni.in
The Institute of Chartered Financial Analysts of India University,Ranchi,Jharkhand,http://www.iujharkhand.edu.in/
Martin Luther Christian University,Shillong ,Meghalaya,http://www.mlcuniv.in
Techno Global University,Shillong ,Meghalaya,http://technoglobaluniversity.com
The Institute of Chartered Financial Analysts of India University,Salem,Tamil Nadu ,www.iumizoram.edu.in 
ICFAI University,Kohima,Nagaland,www.iunagaland.edu.in
Lovely Professional University,Delhi,Delhi,http://www.lpu.in
Amity University ,Ajmer,Rajasthan,http://amity.edu/jaipur
Bhagwant University,Ajmer,Rajasthan,http://www.bhagwantuniversity.com
Jagannath University,Jaipur,Rajasthan,http://www.jagannathuniversity.org
Jaipur National University,Agra,Uttar Pradesh,http://www.jnujaipur.ac.in
Jodhpur National University,Jodhpur,Rajasthan,http://www.jodhpurnationaluniversity.com
Jayoti Vidyapeet Women's University,Ajmer,Rajasthan,http://www.jvwomensuniv.com
Mahatma Jyoti Rao Phoole University,Alwar,Rajasthan,http://www.mjrpuniversity.com
NIMS University,Delhi,Delhi,http://www.nimsuniversity.org
Suresh Gyan Vihar University,Jaipur,Rajasthan,http://www.gyanvihar.org
The Institute of Chartered Financial Analysts of India University,Gangtok,Sikkim,www.iusikkim.edu.in
Sikkim Manipal University,Gangtok,Sikkim,http://www.smu.edu.in
Vinayaka Missions Sikkim University ,Gangtok,Sikkim,http://www.vmsuniversity.in
ICFAI University,Agartala,Tripura,https://iutripura.edu.in/
Integral University ,Lucknow,Uttar Pradesh,www.integraluniversity.ac.in
Mangalayatan University,Aligarh,Uttar Pradesh,http://www.mangalayatan.in
Teerthanker Mahaveer University,Delhi,Delhi,http://www.tmu.ac.in
Swami Vivekananda Subharti University,Delhi,Delhi,www.subharti.org 
Dev Sanakrit Vishwavidyalaya,Gaya,Bihar,http://www.dsvv.ac.in
Himgiri Zee University,Dehradun,Uttarakhand,http://himgirizeeuniversity.edu.in
The ICFAI University,Dehradun,Uttarakhand,http://www.iudehradun.edu.in/
University of Petroleum and Energy Studies,Dehradun,Uttarakhand,http://www.upes.ac.in
University of Patanjali ,Delhi,Delhi,http://patanjaliuniversity.com
Punjab University,Chandigarh ,Chandigarh,http://www.puchd.ac.in
National Law University,Delhi,Delhi,http://nludelhi.ac.in
Indraprastha Institute of Information Technology,Delhi,Delhi,http://www.iiitd.ac.in
Guru Gobind Singh Indraprastha Vishwavidyalaya,Delhi,Delhi,http://www.ipu.ac.in
Delhi Technological University,Delhi,Delhi,http://www.dce.edu
Ambedkar University Delhi (AUD),Delhi,Delhi,http://www.aud.ac.in
Maulana Abul Kalam Azad University of Technology,Kolkata ,West Bengal,http://www.wbut.ac.in
The West Bengal University of Health Sciences,Kolkata ,West Bengal,http//www.wbuhs.ac.in
Patna University,Patna,Bihar,http://www.patnauniversity.ac.in
National Law University,Cuttack,Odisha,http://www.nluo.ac.in
Arybhatta Knowledge University,Patna,Bihar,http://www.akubiharf.ac.in
National Institute of Technology,Agartala,Tripura,http://www.nitagartala.in
National Institute of Technology,Raipur,Chhattisgarh,http://www.gcetraipur.ac.in
Malviya National Institute of Technology,Jaipur,Rajasthan,http://www.mnti.ac.in
Motilal Nehru National Institute of Technolgy,Allahabad,Uttar Pradesh,http://www.mnit.ac.in
National Insitute of Technology,Calicut,Kerala,http://www.nitc.ac.in
National Institute of Technology Karnataka,Mangalore,Karnataka,http://www.nitk.ac.in
National Institute of Technology,Silchar,Assam,http://www.nits.ac.in
Maulana Azad National Institute of Technology,Bhopal ,Madhya Pradesh,
National Institute of Technology,Warangal,Telangana,http://www.nitw.ac.in
Sardar Valabh Bhai National Institute  of Technology,Surat,Gujarat,http://www.svnit.ac.in
National Institute of Technology,Jamshedpur,Jharkhand,http://www.nitjsr.ac.in
National Institute of Technology,Patna,Bihar,http://www.nitp.ac.in
National Institute of Technology,Jammu,Jammu and Kashmir,http://www.nit.ac.in
Indian Institute of Technology,Guwahati,Assam,http://www.iitg.ac.in
All India Institute of Medical Sciences,Delhi,Delhi,http://www.aiims.edu
Indian Institute of Technology,Delhi,Delhi,http://www.iitd.ac.in
Sree Chitra Tirunal Institute for Medical Sciences & Technology,Hapur,Uttar Pradesh,http://www.sctimst.ac.in
Indian Institute of Technology,Mumbai,Maharashtra,http://www.iitb.ac.in
Dakshina Bharat Hindi Prachar Sabha,Chennai,Tamil Nadu ,http://www.dbhps-chennai.com
Indian Institute of Technology,Chennai,Tamil Nadu ,http://www.iitm.ac.in
Post-Graduate Institute of Medical Education & Research,Chandigarh ,Chandigarh,http://www.pgimer.nic.in
Indian Institute of Technology,Ahmedabad,Gujarat,
Indian Institute of Technology,Hyderabad,Telangana,
Indian Institute of Technology,Puri,Odisha,
Indian Institute of Technology,Patna,Bihar,
Alliance University,Chanda,Maharashtra,http://www.alliance.edu.in
Azim Premji University,Bengaluru,Karnataka,http://azimpremjifoundation.org/
Chitkara  University,Patiala,Punjab,http://www.chitkara.edu.in
Dr K N Modi University,Tonk,Rajasthan,http://www. dknmu.org
G L A University,Delhi,Delhi,http://www.gla.ac.in
IFTM University,Delhi,Delhi,http://iftmuniversity.ac.in
Invertis University,Lucknow,Uttar Pradesh,http://www.invertis.org
Navrachana University,Vadodara,Gujarat,http://www.nuv.ac.in
Pacific Academy of Higher Education  & Research (PAHER),Udaipur,Rajasthan,
South Asian University,Delhi,Delhi,www.southasianuniversit.org
University College of Medical Sciences,Delhi,Delhi,www.ucms.ac.in
Damodaram Sanjivayya National Law University,Patna,Bihar,http://dsnlu.ac.in/
Jawaharlal Nehru Architecture and Fine Arts University,Hyderabad,Telangana,http://jnafau.ac.in
Ayush and Health Sciences University of Chhattisgarh,Raipur,Chhattisgarh,http://www.cghealthuniv.com/
Lala Lajpat Rai University of Veterinary & Animal Sciences ,Hisar,Haryana,
YMCA University of Science & Technology,Faridabad,Haryana,http://ymcaust.ac.in
National University of Study & Research in Law,Ranchi,Jharkhand,http://nusrlranchi.com
Vijayanagara Sri Krishnadevaraya University,Bellary,Karnataka,http://www.vskub.ac.in
Kerala University of Fisheries & Ocean Studies ,Kochi,Kerala,www.kufos.ac.in 
Madhya Pradesh Pashu Chikitsa Vigyan Vishwavidyalaya,Jabalpur,Madhya Pradesh,
Maharaja Ganga Singh University,Bikaner,Rajasthan,
Khwaja Moinuddin Chishti Urdu  Arabi-Farsi University,Lucknow,Uttar Pradesh,
Presidency University,Kolkata ,West Bengal,http://www.presiuniv.ac.in
Sidho-Kanho-Birsha University,Ranchi,Jharkhand,http://www.skbu.ac.in
Maharishi Markandeshwar University,Ambala,Haryana,http://www.mmambala.org
Amity University,Gwalior,Madhya Pradesh,http://www.amity.edu
ITM University,Gwalior,Madhya Pradesh,www.itmuniversity.ac.in
University of Technology & Management,Shillong ,Meghalaya,http://www.utm.ac.in
Raffles University,Alwar,Rajasthan,www.rafflesuniversity.edu.in
Homoeopathy University,Jaipur,Rajasthan,
Babu Banarasi Das University,Lucknow,Uttar Pradesh,http://www.bbdu.ac.in
Rajiv Gandhi University of Knowledge Technology,Hyderabad,Telangana,http://www.rgukt.in/
Indian Institute of Technology,Indore,Madhya Pradesh,
Indian Institute of Technology,Jodhpur,Rajasthan,
National Institute of Technology,Puducherry,Puducherry,
National Institute of Technology,Delhi,Delhi,
KSGH Music and Performing Arts University,Mysore,Karnataka,http://www.musicuniversity.ac.in
Assam Down Town University,Guwahati,Assam,www.adtu.in 
UKA Tarsadia University,Surat,Gujarat,http://www.utu.ac.in
NIILM University,Ambala,Haryana,www.niilmuniversity.in
Rabindranath Tagore University (formerly known as AISECT University),Bhopal ,Madhya Pradesh,www.aisectuniversity.ac.in
People's University,Bhopal ,Madhya Pradesh,www.peoplesuniversity.edu.in
Oriental University,Indore,Madhya Pradesh,http://www.orientaluniversity.in
RKDF University,Bhopal ,Madhya Pradesh,www.rkdf.ac.in
William Carey University,Shillong ,Meghalaya,http://www.williamcareyuniversity.ac.in
ICFAI University,Agra,Uttar Pradesh,https://www.iujaipur.edu.in/
ICFAI University,Bhilai,Chhattisgarh,
Pratap University,Ajmer,Rajasthan,http://www.pratap.edu.in
Manipal University,Ajmer,Rajasthan,http://www.jaipur.manipal.edu
Sunrise University,Alwar,Rajasthan,
JK Lakshmipat University,Ajmer,Rajasthan,http://www.jklu.edu.in
Mahatma Gandhi University of Medical Sciences & Technology,Jaipur,Rajasthan,
Graphic Era Hill University,Dehradun,Uttarakhand,
RK University,Bhavnagar,Gujarat,http://www.rku.ac.in
The Assam Kaziranga University,Jorhat,Assam,www.kazirangauniversity.in
Kalinga University,Raipur,Chhattisgarh,https://kalingauniversity.ac.in/
Rai University,Ahmedabad,Gujarat,http://www.raiuniversity.edu
AURO University of Hospitality and Management,Surat,Gujarat,http://aurouniversity.edu.in
M.V.N. University,Agra,Uttar Pradesh,http://mvn.edu.in
Baba MastNath University,Rohtak,Haryana,http://bmu.ac.in
Ansal University ,Gurugram,Haryana,http://ansaluniversity.edu.in
Jharkhand Rai University,Ranchi,Jharkhand,http://www.jru.edu.in
Sai Nath University,Ranchi,Jharkhand,http://www.sainathuniversity.com
Sri Sri University,Cuttack,Odisha,http://srisriuniversity.edu.in
Maharaj Vinayak Global University,Jaipur,Rajasthan,http://www.mvgu.ac.in
University of Engineering & Management,Jaipur,Rajasthan,
Career Point University,Kota,Rajasthan,
Vivekananda Global University,Jaipur,Rajasthan,http://vgu.ac.in
Poornima University,Jaipur,Rajasthan,
Sangam University,Bhilwara,Rajasthan,http://sangamuniversity.ac.in
Monad University ,Delhi,Delhi,http://www.monad.edu.in
NIIT University,Alwar,Rajasthan,http://www.niituniversity.in
National Law University and Judicial Academy,Guwahati,Assam,http://www.nluassam.ac.in/
Bodoland University,Hata,Uttar Pradesh,http://www.bodolanduniversity.ac.in
Assam Rajiv Gandhi University of Co-operative Management,Guwahati,Assam,http://argucom.org.in
Rajmata Vijayaraje Scindia Krishi Vishwa Vidyalaya,Gwalior,Madhya Pradesh,
A P Goyal Shimla University,Shimla,Himachal Pradesh,http://agu.edu.in
Geetanjali University,Udaipur,Rajasthan,http://geetanjaliuniversity.com
J.E.C.R.C  University,Jaipur,Rajasthan,http://jecrcuniversity.edu.in
Atal Bihari Bajpayee Vishwavidyalaya,Bilaspur,Chhattisgarh,https://www.bilaspuruniversity.ac.in/
ITM University,Raipur,Chhattisgarh,http://www.itmuniversity.org
Atal Bihari Vajpayee Hindi Vishwavidyalaya,Bhopal ,Madhya Pradesh,
Shri Ramswaroop Memorial University,Lucknow,Uttar Pradesh,http://www.srmu.ac.in
Assam Science & Technology University,Guwahati,Assam,http://www.astu.org.in
Techno India University,Kolkata ,West Bengal,
Indus University,Ahmedabad,Gujarat,http://indusuni.ac.in
The Glocal University,Delhi,Delhi,https://www.glocaluniversity.edu.in
Raja Mansingh Tomar Music & Arts University,Gwalior,Madhya Pradesh,
Rajasthan University of Veterinary & Animal Sciences,Bikaner,Rajasthan,
Rajasthan University of Veterinary & Animal Sciences,Bikaner,Rajasthan,
Bihar Agricultural University,Bhagalpur,Bihar,http://bausabour.ac.in
DIT University,Dehradun,Uttarakhand,http://www.dit.edu.in
IMS Unison University,Dehradun,Uttarakhand,http://www.iuu.ac
D.A.V University,Pathankot,Punjab,http://www.davuniversity.org
Uttaranchal University,Chanda,Maharashtra,www.uttaranchaluniversity.ac.in
K.R. Mangalam University,Delhi,Delhi,http://krmangalam.edu.in
Jagran Lakecity University,Bhopal ,Madhya Pradesh,http://www.jlu.edu.in
Sardar Patel University of Police  Security & Criminal Justice,Jodhpur,Rajasthan,http://www.policeuniversity.ac.in
Swami Rama Himalayan University,Dehradun,Uttarakhand,
Raksha Shakti University,Ahmedabad,Gujarat,
Shobhit University,Saharanpur,Uttar Pradesh,http://shobhituniversity.ac.in
South Asian Universit y,Delhi,Delhi,http://www.southasianuniversity.org
Haridev Joshi University of Journalism and Mass Communication,Jaipur,Rajasthan,http://www.hjuj.ac.in
Cotton University,Guwahati,Assam,https://cottonuniversity.ac.in/
C. U. Shah University,Ahmedabad,Gujarat,http://www.cushahuniversity.ac.in
CMR University,Kalyan,Maharashtra,http://www.cmr.edu.in
Srimanta Sankaradeva University of Health Sciences,Guwahati,Assam,http://ssuhs.in
Uttarakhand Ayurved University,Dehradun,Uttarakhand,http://www.uau.ac.in
Kazi Nazrul University,Asansol,West Bengal,http://www.knu.ac.in
Sri Satya Sai University of Technology & Medical Sciences,Bhopal ,Madhya Pradesh,http://sssutms.co.in
Maulana Azad University,Jodhpur,Rajasthan,
Tamil Nadu Music and Fine Arts University,Chennai,Tamil Nadu ,
Hemwati Nandan Bahuguna Medical Education University,Dehradun,Uttarakhand,
Shekhawati University,Kalyan,Maharashtra,
Al-Falah University,Faridabad,Haryana,alfalahuniversity.edu.in
BML Munjal University,Gurugram,Haryana,https://www.bml.edu.in
Team Lease Skills University,Vadodara,Gujarat,
Dr. Bhimrao Ambedkar Law University,Jaipur,Rajasthan,
ITM Vocational University,Vadodara,Gujarat,
Shri Ramasamy Memorial University  Sikkim,Gangtok,Sikkim,http://www.srmus.ac.in
Amity University,Hata,Uttar Pradesh,http://www.amity.edu/mumbai/
Amity University,Raipur,Chhattisgarh,
Nizam's Institute of Medical Sciences,Hyderabad,Telangana,http://www.nims.edu.in/
Arunodaya University,Itanagar,Arunachal Pradesh,http://www.arunodayauniversity.ac.in
Maharishi Mahesh Yogi Vedic Vishwavidyalaya,Jabalpur,Madhya Pradesh,
IIHMR University,Jaipur,Rajasthan,http://www.iihmr.edu.in
Maharishi University of Information Technology,Lucknow,Uttar Pradesh,http://www.muit.in
Jaypee University,Aligarh,Uttar Pradesh,http://www.jaypeeu.ac.in
U.P. Pandit Deen Dayal Upadhyaya Pashu Chikitsa Vigyan Vishwavidhyalaya Evam Go-Anusandhan Sansthan,Mathura,Uttar Pradesh,http://www.upvetuniv.edu.in
Assam Women's University,Jorhat,Assam,
Adamas University,Kolkata ,West Bengal,
Adamas University,Kolkata ,West Bengal,
Sarvepalli Radhakrishnan University,Bhopal ,Madhya Pradesh,http://www.srku.edu.in/
State University of Performing and Visual Arts,Rohtak,Haryana,
University of Engineering and Management,Kolkata ,West Bengal,
Professor Jayashankar Telangana State Agricultural University,Hyderabad,Telangana,
Spicer Adventist University,Pune,Maharashtra,http://www.sau.edu.in
Lakulish Yoga University,Ahmedabad,Gujarat,
Sri Konda Laxman Telangana State Horticultural University,Hyderabad,Telangana,
Ajeenkya D.Y. Patil University,Pune,Maharashtra,http://adypu.edu.in/
Flame University,Pune,Maharashtra,
Parul University,Vadodara,Gujarat,http://www.paruluniversity.ac.in
G.L.S. University,Ahmedabad,Gujarat,
Srinivas University,Mangalore,Karnataka,www.srinivasuniversity.ac.in  www.srinivasuniversity.edu.in
R.N.B. Global University,Bikaner,Rajasthan,www.rnbglobal.edu.in
Raj Rishi Bhartrihari Matsya University,Alwar,Rajasthan,
LNCT University,Bhopal ,Madhya Pradesh,
GSFC University,Vadodara,Gujarat,http://www.gsfcuni.edu.in
J.S. University,Firozabad,Uttar Pradesh,www.jsu.ac.in
West Bengal University of Teachers  Training  Education Planning and Administration,Kolkata ,West Bengal,
Sanchi University of Buddhist-Indic Studies,Bhopal ,Madhya Pradesh,http://www.sanchiuniv.edu.in
Manav Rachna University,Delhi,Delhi,http://mru.edu.in/
Ch. Bansi Lal University,Bhiwani,Haryana,http://www.cblu.ac.in
Maharaja Chhatrasal Bundelkhand Vishwavidyalaya,Hata,Uttar Pradesh,
Delhi Pharmaceutical Sciences & Research University,Delhi,Delhi,www.dpsru.edu.in
A.P.J. Abdul Kalam Technological University,Hapur,Uttar Pradesh,
Gujarat University of Transplantation Sciences,Ahmedabad,Gujarat,http://www.guts.education/
Institute of Infrastructure Technology Research and Management,Ahmedabad,Gujarat,http://iitram.ac.in
Maharaja Surajmal Brij University,Bharatpur,Rajasthan,http://www.brijuniversity.ac.in/
Maharishi Arvind University  Jaipur,Jaipur,Rajasthan,
P.K. University,Puri,Odisha,http://pkuniversity.edu.in/
Maharashtra National Law University,Mumbai,Maharashtra,http://www.nlumumbai.edu.in
Medi-Caps University,Indore,Madhya Pradesh,http://www.medicaps-institute.ac.in/
MIT Art Design and Technology University,Pune,Maharashtra,http://www.mituniversity.edu.in
Dr. B. R. Ambedkar University of Social Sciences,Indore,Madhya Pradesh,https://brauss.in/
Central Institute of Buddhist Studies(CIBS),Jammu,Jammu and Kashmir,http://www.cibs.ac.in/
Brainware University,Kolkata ,West Bengal,http://brainwareuniversity.ac.in/
Maharaja Bir Bikram University,Agartala,Tripura,
PDM University,Aurangabad,Maharashtra,
Dr. A.P.J Abdul Kalam University,Indore,Madhya Pradesh,www.aku.ac.in
Shri Vaishnav Vidyapeeth Vishwavidyalaya,Indore,Madhya Pradesh,http://www.svvv.edu.in
Anant National University,Ahmedabad,Gujarat,http://www.anu.edu.in
Bhupal Nobles University,Udaipur,Rajasthan,https://www.bnuniversity.ac.in
Navsari Agriculture University,Navsari,Gujarat,
Amity University,Ranchi,Jharkhand,http://www.amity.edu/ranchi/
Pragyan International University,Ranchi,Jharkhand,
Malwanchal University,Indore,Madhya Pradesh,https://www.malwanchaluniversity.com
Marwadi University,Rajkot,Gujarat,
The Sanskrit College and University,Kolkata ,West Bengal,
Era University,Lucknow,Uttar Pradesh,http://www.erauniversity.in
Sanskriti University,Delhi,Delhi,http://www.sanskriti.edu.in/
IIMT University,Meerut,Uttar Pradesh,http://iimtu.com/
Allahabad State University,Allahabad,Uttar Pradesh,
Jharkhand Raksha Shakti University,Ranchi,Jharkhand,
Usha Martin University,Ranchi,Jharkhand,
Birla Global University,Chanda,Maharashtra,http://www.bgu.ac.in
The Assam Royal Global University,Guwahati,Assam,http://www.rgu.ac/
Jharkhand Raksha Shakti University,Ranchi,Jharkhand,
CT University,Ludhiana,Punjab,http://www.ctuniversity.in
Symbiosis University of Applied Sciences (SUAS),Indore,Madhya Pradesh,
Bareilly International University,Bareilly,Uttar Pradesh,
Sai Tirupati University,Udaipur,Rajasthan,
St. Xavier's University,Kolkata ,West Bengal,
Starex University,Gurugram,Haryana,www.starexuniversity.com
Avantika University,Ujjain,Madhya Pradesh,http://www.avantikauniversity.edu.in/
Karnataka State Rural Development and Panchayat Raj University,Bengaluru,Karnataka,www.ksrdpru.in
Mody University of Science & Technology,Sikar,Rajasthan,
Mody University of Science & Technology,Sikar,Rajasthan,www.modyuniversity.ac.in
Cluster University of Jammu,Jammu,Jammu and Kashmir,
P. P. Savani University,Surat,Gujarat,
Dr. Vishwanath Karad MIT World Peace University,Pune,Maharashtra,
Vishwakarma University,Pune,Maharashtra,https://www.vupune.ac.in/
Symbiosis Skills and Open University,Mumbai,Maharashtra,http://www.ssou.ac.in/
University of Technology,Jaipur,Rajasthan,https://www.uot.edu.in
Sri Guru Ram Das University of Health Sciences,Amritsar,Punjab,
Maharashtra National Law University,Aurangabad,Maharashtra,
Bhartiya Skill Development University,Ajmer,Rajasthan,www.ruj-bsdu.in
Manipur Technical University,Imphal,Manipur,
Shri Guru Ram Rai University,Dehradun,Uttarakhand,
Sarla Birla University,Ranchi,Jharkhand,
Bengaluru North University,Kolar,Karnataka,
Sanjay Ghodawat University,Hapur,Uttar Pradesh,http://www.sanjayghodawatuniversity.ac.in/
Bengaluru Central University,Bengaluru,Karnataka,
Sharnbasva University,Gulbarga,Karnataka,
Haryana Vishwakarma Skill University,Gurugram,Haryana,
University of Agricultural Sciences,Raichur,Karnataka,
YBN University,Ranchi,Jharkhand,
Manipur University of Culture,Imphal,Manipur,
The Global University,Itanagar,Arunachal Pradesh,
Kamdhenu University,Diu,Daman and Diu,
Ras Bihari Bose Subharti university,Chanda,Maharashtra,
International Institute of Information Technology,Raipur,Chhattisgarh,
Quantum University,Dehradun,Uttarakhand,http://quantumuniversity.edu.in/
Rajasthan ILD Skills University (RISU),Jaipur,Rajasthan,
VIT Bhopal University,Bhopal ,Madhya Pradesh,
Cluster University of Srinagar,Jammu,Jammu and Kashmir,
Kaloji Narayan Rao University of Health Sciences,Warangal,Telangana,http://knruhs.in
Sage University,Indore,Madhya Pradesh,http://sageuniversity.in/
Sri P V Narsimha Rao Telangana Veterinary University,Hyderabad,Telangana,
Maharana Partap Horticultural University,Karnal,Haryana,
Centurion University of Technology and Management,Patna,Bihar,http://cutmap.ac.in/ 
World University Of Design,Sonipat,Haryana,www.worlduniversityofdesign.ac.in
Sister Nivedita University,Kolkata ,West Bengal,
Amity University,Patna,Bihar,
Himachal Pradesh National Law University,Shimla,Himachal Pradesh,
Hemchand Yadav Vishwavidyalaya(Earlier known as Durg Vishwavidyalaya),Raipur,Chhattisgarh,http://www.durguniversity.ac.in
Renaissance University,Indore,Madhya Pradesh,http://renaissance.ac.in/
Binod Bihari Mahto Koylanchal University,Dhanbad,Jharkhand,
D Y Patil International University,Pune,Maharashtra,http://dypiu.ac.in
Dr C. V. Raman University,Muzaffarpur,Bihar,
Dr Shyama Prasad Mukherjee University,Ranchi,Jharkhand,
Dr. Shyama Prasad University,Ranchi,Jharkhand,
Atmiya University,Rajkot,Gujarat,
VIT-AP University,Amaravati,Maharashtra,http://vitap.ac.in/
Indian Association for the Cultivation of Science (IACS),Kolkata ,West Bengal,http://www.iacs.res.in/
IILM University,Gurugram,Haryana,https://www.iilm.edu/
Madhyanchal Professional University,Bhopal ,Madhya Pradesh,https://www.mpu.ac.in
Bhabha University,Bhopal ,Madhya Pradesh,
Purnea University,Purnea,Bihar,
Indira Gandhi Delhi Technical University for Women,Delhi,Delhi,
Shri Rawatpura Sarkar University,Raipur,Chhattisgarh,http://www.sruraipur.ac.in/
Shri Krishna University,Hata,Uttar Pradesh,
Patliputra University,Patna,Bihar,
National Rail and Transportation Institute ,Vadodara,Gujarat,
Dharmashastra National Law University,Jabalpur,Madhya Pradesh,
Dr C V Raman University,Indore,Madhya Pradesh,
Al-Karim University,Purnea,Bihar,
AAFT University of Media and Arts,Raipur,Chhattisgarh,
Netaji Subhas University,Bhilai,Chhattisgarh,
Chhatrapati Shivaji Maharaj University,Mumbai,Maharashtra,
Dhanamanjuri University,Imphal,Manipur,
Netaji Subhas University of Technology,Delhi,Delhi,https://www.nsut.ac.in
Capital University,Patna,Bihar,
Bihar Animal Sciences University,Patna,Bihar,
Apex university ,Jaipur,Rajasthan,
Lords University,Alwar,Rajasthan,
Sikkim State University,Gangtok,Sikkim,
AIPH University,Cuttack,Odisha,http://aiph.ac.in/
Shri Khushal Das University,Surat,Gujarat,http://skduniversity.com/
Sardar Bhagwan Singh University,Dehradun,Uttarakhand,
Bikaner Technical University,Bikaner,Rajasthan,
Gurugram University,Gurugram,Haryana,
Dr. Abdul Haq Urdu University,Kurnool,Andhra Pradesh,
Manipur International University,Imphal,Manipur,
Mata Gujri University,Pali,Rajasthan,
Om Sterling Global University,Chandigarh ,Chandigarh,https://www.osgu.ac.in/
Jharkhand University of Technology,Ranchi,Jharkhand,
Dr. B.R. Ambedkar National Law University,Sonipat,Haryana,
Ram Krishna Dharmath Foundation University,Ranchi,Jharkhand,
Dr. Ram Manohar Lohia Institute of Medical Sciences,Lucknow,Uttar Pradesh,
